fin_plazo;dias_restantes;titulo;organo;provincia;municipio;importe_sin_iva_eur;valor_estimado_eur;tipo_contrato;procedimiento;categoria;cpv;cpv_descripcion;expediente;publicada;enlace
2026-10-12 14:00;9;Adquisición de equipos de videoconferencia;Dirección General de SOLIMAT;Toledo;Toledo;41670;41670;Suministros;Abierto simplificado;Informática y TIC;30000000;Máquinas, equipo y artículos de oficina y de informática, excepto mobiliario y paquetes de software;26-002762;2026-10-02;https://contrataciondelestado.es/wps/poc?uri=deeplink:detalle_licitacion&idEvl=yDGT6wMQxZ9%2BF6L2uCfUWg%3D%3D
2026-10-13 14:00;10;Servicios de promoción y difusión de las Oficinas Locales de Transición Energética de Andalucía (OLTEAN);Sociedad Andaluza para el Desarrollo de las Telecomunicaciones, S.A. (SANDETEL);Andalucía (autonómica);;190551;206144;Servicios;Abierto;Publicidad y comunicación;79340000;Servicios de publicidad y de marketing;EXPT26-00074;2026-10-02;https://www.juntadeandalucia.es/haciendayadministracionpublica/apl/pdc_sirec/perfiles-licitaciones/detalle-licitacion.jsf?idExpediente=1008188
2026-10-13 23:59;10;Serveis preventius sanitaris i d’intervenció que requereix l’Ajuntament de Vilanova i la Geltrú per la Fira de novembre 2026 (del 13 al 15 de novembre del 2026);Ajuntament de Vilanova i la Geltrú;Barcelona;;12361;12361;Servicios;Restringido;Sanidad y servicios sociales;85143000;Servicios de ambulancia;334/2026/eCONT;2026-10-02;https://contractaciopublica.cat/ca/detall-publicacio/0df7a2ac-256f-492a-9456-aa74dce4b070/300898760
2026-10-16 14:00;13;Asistencia técnica para la redacción del Documento de Objetivos y Propósitos y Avance PTSAE de las veguerías de Ponent y Comarcas gerundenses;Departament d'Agricultura, Ramaderia, Pesca i Alimentació;Cataluña (autonómica);;294199;294199;Servicios;Abierto;Arquitectura e ingeniería;71318000;Servicios de asesoramiento y consultoría en ingeniería;AG-2026-779;2026-10-02;https://contractaciopublica.cat/ca/detall-publicacio/90c05e24-6b77-4364-8f21-e32c7d094a75/300896150
2026-10-16 18:00;13;planificación, organización y desarrollo iv jornadas proa+;Consejería de Desarrollo Educativo y Formación Profesional. Secretaría General Técnica (En Transición);Almería;;59833;59833;Servicios;Abierto simplificado;Eventos;79950000;Servicios de organización de exposiciones, ferias y congresos;CONTR 2026 0000283539;2026-10-02;https://www.juntadeandalucia.es/haciendayadministracionpublica/apl/pdc_sirec/perfiles-licitaciones/detalle-licitacion.jsf?idExpediente=1013601
2026-10-16 23:59;13;Contrato de servicios de destrucción confidencial y certificada de documentación del Ayuntamiento de Pamplona;Alcaldía;Navarra;;9100;40040;Servicios;Abierto;Cultura, ocio y deporte;92512100;Servicios de destrucción de archivos;3051_CONT_SERVICIOS/2026/32;2026-10-02;https://hacienda.navarra.es/sicpportal/mtoAnunciosModalidad.aspx?cod=261001135405E6BE02DC
2026-10-16 23:59;13;servicio para el mantenimiento de los ascensores de los edificios municipales del Ayuntamiento de Marchamalo;Alcaldia del Ayuntamiento de Marchamalo;Guadalajara;Marchamalo;16000;32000;Servicios;Abierto simplificado;Mantenimiento y reparación;50750000;Servicios de mantenimiento de ascensores;1812/2026;2026-10-02;https://contrataciondelestado.es/wps/poc?uri=deeplink:detalle_licitacion&idEvl=VAzw1uHEaeAtm4eBPtV6eQ%3D%3D
2026-10-16 23:59;13;Prestación de la asistencia técnica necesaria para llevar a cabo los servicios de mantenimiento de los sistemas de informáticos de información estructural e identidad Digital de la Consejería de Educación desarrollados en tecnología Microsoft .Net;Consejería de Educación de la Junta de Castilla y León;Valladolid;Valladolid;131249;314999;Servicios;Abierto;Informática y TIC;72267000;Servicios de mantenimiento y reparación de software;A2026/012581;2026-10-02;https://contrataciondelestado.es/wps/poc?uri=deeplink:detalle_licitacion&idEvl=SQ8IE7FhcNo%2FbjW6njtWLw%3D%3D
2026-10-17 23:59;14;Contratación y prestación del servicio de desinsectación, desratización y desinfección en los centros y edificios dependientes del consorcio Provincial de Residuos Sólidos Urbanos de Málaga (de aquí en adelante CPRSUM), además de la limpieza y desinfección de los aljibes y puntos de ACS que se relacionan en la descripción del servicio, conforme lo establecido en la normativa vigente.;Presidencia del Consorcio Provincial para la Gestión de los Residuos Sólidos Urbanos de Málaga;Málaga;Málaga;86090;124135;Servicios;Abierto simplificado;Limpieza y medio ambiente;90922000;Servicios de control de plagas;191/2026;2026-10-02;https://contrataciondelestado.es/wps/poc?uri=deeplink:detalle_licitacion&idEvl=xzGyHXn9aNmkU02jNGj1Fw%3D%3D
2026-10-19 10:00;16;Servicio para la evaluación intermedia del programa del Fondo Europeo Marítimo, de Pesca y de Acuicultura para España 2027;Junta de Contratación del Ministerio de Agricultura, Pesca y Alimentación;Madrid;Madrid;82738;82738;Servicios;Abierto simplificado;Consultoría de gestión;79419000;Servicios de consultoría en evaluación;2026SP10029;2026-10-02;https://contrataciondelestado.es/wps/poc?uri=deeplink:detalle_licitacion&idEvl=P%2BnZOMmN92uopEMYCmrbmw%3D%3D
2026-10-19 11:00;16;Servicio de Asistencia Técnica para la Mejora del Seguimiento de la Ejecución de los Contratos;Fundación del Sector Público Estatal Centro Nacional de Investigaciones Oncológicas Carlos III;Madrid;Madrid;79000;79000;Servicios;Abierto simplificado;Consultoría de gestión;79411000;Servicios generales de consultoría en gestión;30/26SPF;2026-10-02;https://contrataciondelestado.es/wps/poc?uri=deeplink:detalle_licitacion&idEvl=R6qxLzcCLvTzAq95uGTrDQ%3D%3D
2026-10-19 11:30;16;Alquiler de equipos de megafonía (sonido) y servicio técnico asociado con motivo del campeonato del mundo de MotoGP 2026 en el Circuit Ricardo Tormo.;Dirección General del Circuito del Motor y Promoción Deportiva S.A.;Valencia/València;Cheste - Valencia;78804;78804;Suministros;Abierto simplificado;Telecomunicaciones;32342400;Dispositivos acústicos;CMAYOR/2026/CMPD0/0023;2026-10-02;https://contrataciondelestado.es/wps/poc?uri=deeplink:detalle_licitacion&idEvl=OGzx7vp1IZZSYrkJkLlFdw%3D%3D
2026-10-19 13:00;16;Servicio de diseño, desarrollo y ejecución de un programa de sensibilización para fomentar los valores democráticos, la participación ciudadana y el respeto a los derechos humanos;Ayuntamiento de Bilbao-Concejal Delegado de Contratación;Bizkaia;;92400;221760;Servicios;Abierto;Formación;80500000;Servicios de formación;2026-049285;2026-10-02;https://www.contratacion.euskadi.eus/webkpe00-kpeperfi/es/contenidos/anuncio_contratacion/expjaso744642/es_doc/index.html
2026-10-19 14:00;16;Servei de suport tècnic i assessorament en matèria psicològica per a la realització de la prova d'adequació psicoprofessional de la convocatòria d'accés a la categoria de sotsinspector/a de l'escala executiva del Cos d'Agents Rurals de la Generalitat per l'any 2027 (DGAR/04/2026/SO).;Departament d'Interior i Seguretat Pública;Cataluña (autonómica);;23595;23595;Servicios;Abierto simplificado;Consultoría y servicios profesionales;79635000;Servicios de centros de evaluación para selección de personal;IT-2027-32;2026-10-02;https://contractaciopublica.cat/ca/detall-publicacio/d344b3cf-20b3-402d-af09-46b442eb6eca/300898570
2026-10-19 14:00;16;Contracte de serveis de consultoria, auditoria interna i auditoria externa i certificació del sistema de gestió de la qualitat de la regidoria d'ocupació i formació de l'Ajuntament de Calafell, d'acord amb la norma UNE-EN ISO 9001:2015 per procediment obert,tramitació ordinària (EXPEDIENT 2026/11061);Ajuntament de Calafell;Tarragona;;3364;6727;Servicios;Abierto;Jurídicos;79132000;Servicios de certificación;60_2026_CNT;2026-10-02;https://contractaciopublica.cat/ca/detall-publicacio/9490473d-dd82-47a2-a6ca-2bd7ef60b276/300898040
2026-10-19 14:00;16;Servei de corredoria per a les assegurances de la societat municipal La Farga, GEM,S.A.;La Farga, Gestió d'Equipaments Municipals de l'Hospitalet de Llobregat, SA;Barcelona;;150000;150000;Servicios;Abierto simplificado;Financieros y seguros;66518100;Servicios de corretaje de seguros;X2026000433;2026-10-02;https://contractaciopublica.cat/ca/detall-publicacio/a549b9da-915e-48a3-8704-d0ce94abf452/300897945
2026-10-19 23:59;16;Prestación del servicio de interpretación en lengua de signos.;Mesa de Les Corts Valencianes;Valencia/València;Valencia;27000;135000;Servicios;Abierto simplificado;Traducción e interpretación;79540000;Servicios de interpretación;CVA 25/26 LENGUA SIGNOS;2026-10-02;https://contrataciondelestado.es/wps/poc?uri=deeplink:detalle_licitacion&idEvl=lYogvlLS4KfECtSnloz%2BZQ%3D%3D
2026-10-19 23:59;16;Servicio para la ejecución de programas de promoción y educación para la salud en la escuela.;Concejal Responsable del Área de Régimen Interior, Recursos Humanos y Modernización Digital del Ayuntamiento de Huelva;Huelva;Huelva;33055;33058;Servicios;Abierto simplificado;Formación;80000000;Servicios de enseñanza y formación;88/2026;2026-10-02;https://contrataciondelestado.es/wps/poc?uri=deeplink:detalle_licitacion&idEvl=5RwtJCocDUYXhk1FZxEyvw%3D%3D
2026-10-19 23:59;16;L’objecte del contracte és garantir la prestació del servei del servei de gestió administrativa de la correspondència adreçada a persones empadronades en modalitat Sense Domicili Fix als CSS Gòtic, Cotxeres de Sants, Porta-Vilapicina-Torre Llobeta i Besòs, amb mesures de contractació pública sostenible.;Institut Municipal de Serveis Socials;Barcelona;;34994;34994;Servicios;Otros;Consultoría y servicios profesionales;79500000;Servicios de ayuda en las funciones de oficina;015_P2600120;2026-10-02;https://contractaciopublica.cat/ca/detall-publicacio/70ac5cba-5470-4e9a-a306-6da823e6caa8/300898354
2026-11-03 09:00;31;Realización de trabajos relacionados con el Programa nacional de vigilancia y el Programa nacional de erradicación de la tuberculosis en especies domésticas y el Plan de actuación frente a tuberculosis en especies silvestres. Años 2027-2030.;Junta de Contratación del Ministerio de Agricultura, Pesca y Alimentación;Madrid;Madrid;1421150;1686300;Servicios;Abierto;I+D y estudios;73110000;Servicios de investigación;202606SG0022;2026-10-02;https://contrataciondelestado.es/wps/poc?uri=deeplink:detalle_licitacion&idEvl=nD9nugvy6OMl5NjlNci%2BtA%3D%3D
